{"3X4Ck2Q2nkKt/YTj5si8xA==":"letterhead%20concepts-192x114.png","L9Lfts9t35b0vcdEi1TjIA==":"mbr-1920x1281.jpg","RDBT77M9cwNLESumXNJ/sg==":"custom3-1-436x245.png","0OOE1Usrtktm437Z/qTMRQ==":"background2.jpg","Hi4P4oIFcNlV9fmuYNJN4w==":"profess-595x295.png","JrwIhA6zoYdSe5KEc2Y5AA==":"mbr-1920x1280.jpg","pa5Dkwo/T1qgW/t0h+fQvA==":"background5.jpg","d+YgufRzxhhdDPtsGLDHDw==":"mbr-1-1920x1280.jpg","q0Gpwz0zGw1D/pg6MT/asQ==":"background8.jpg","SWaKybgBFp/+g3mPdK2Cug==":"vox_telecom-240x47.png","Po6BXyyDGqCIZFmRdXkjUw==":"neotel-logo-2854x559.png","EMKsWtkyWTm+aw1ZTPcceA==":"dell-logo-png-dell-logo-old-2272-685x134.png","8HJdM0oEyGiIhHFIv3feVw==":"classic-samsung-logo-png-2854x559.png","UaDdO80epXECit4KD4RlSw==":"1097204073861828994-2854x559.png","k/i+q6lQahTG+/PlmjfLyA==":"pro_img-1551094707-497x329.png","Rv1xYG+wMi3bXeTpeDU7/g==":"cisco_c20_kit-520x360.jpeg","gWihFwyxuwRTrCIWjdjNGw==":"93-932425_cameras-trans-cctv-camera-without-background-676x357.png","UAc7kepzJPkrSn4uqTRvmw==":"background4.jpg","OLImDiniRPSEhrgJ3SAD2A==":"managed-it-services-network-support-seattle-bellevue-e1461568918721-870x627.png","LSlHZNjbGQSIfTS3ZnDsBQ==":"1%20b-bbee%20contributor-650x450.png","KJP1bMOf98O5gevhoLohxQ==":"software-development-736x736.png","Euqt75tKTizOMsjx+yd/4Q==":"mbr-2-1920x1280.jpg","ia30R6pUZ9AtQo5JSBEZ+Q==":"mbr-1920x1357.jpg","237MKzVUZlp1gAktNGoD+A==":"mbr-1014x617.jpg","7zv34onWnqvOwTcTm7eTqg==":"mbr-3-1920x1280.jpg","NgJT9ABGbZf0tacncnaffw==":"training-page-copy-736x333.jpg","oVpOmpUiMEbOKXX1KTzeNA==":"mbr-736x546.jpg","QqQGbZ42hRGOSwVQHg18lg==":"mbr-736x491.jpg","notNiJR8fZDUuSvQyUFamA==":"ignite%20-%20hpm%20promo_banner-718x585.png","+rlLOpYqT3uYO40LDCIjbw==":"banner14-1920x908.jpg","Ds2k3K68jI2JK11gD/9gQg==":"mbr-4-1920x1280.jpg","kyMIJ+0Golf9lXv61UyRpA==":"mbr-1920x960.jpg","FSH4o/xjh9u9EVU6cIn0eA==":"mbr-1-1920x960.jpg","2kyyeVft//+eBt34IER++Q==":"mbr-1920x1082.jpg","0EoQyRBmLhCxbIJLuu6xDA==":"abstract-technology-background-with-circuit-board-style-structure_1017-11540-626x500.jpg","ZXKVm033YhsCRY3lMzvyog==":"adobestock-940753111-1127x446.png","XkSzo6Lu2yF4zs3a52xtTA==":"whatsapp%20image%202019-09-28%20at%203.33.34%20pm%20(2)-468x332.jpg","4a6lR4JOLvrhmsxYETkZbA==":"mbr-1014x676.jpg","S3gZGMOaDZVhtNAv2rjJew==":"mbr-736x368.jpg","GrqqpB5DxSNDdK/C9jhw/Q==":"mbr-1920x982.png","on16lV4mcANBTrpGku91AA==":"letterhead-concepts-1-192x114.png","oJQdtKQ2bdLajZtjcIzUUA==":"background3-1.jpg","QIbfQZuDZmfRiuMFtixx1A==":"mbr-1319x856.jpg","FKHekBflNNXCA3UKfxDq4A==":"mbr-736x487.jpg","1WgMMcOG/JOwAFRuvvjtHw==":"mbr-736x491.jpg","bpDMZZHETdAhKtH7Rvc9mA==":"ting-banner-how-much-data-1560x780.jpg","s+Vy17kL0lYRbSn+f6wN9w==":"visual_banner_desktop-2-1280x355.jpg","89AgEwkr7N43gt/+mqlF8w==":"wifi-6-cables-1-1280x720.jpg","9z+aYUxCPXrlODFGfycdcQ==":"epl-spt-8-base.gif","UwKnF2KLr/ocdf9gues7Jg==":"background5.jpg","X+UBKwIfKewphzcgWN2CPA==":"mbr-700x467.jpg","Nc7SQA7slOfX2BKA3oSBBQ==":"mbr-1-700x467.jpg","+tf1dpUEpdyZWLyqHbbvTQ==":"mbr-2-700x467.jpg","FTDR2Oxmdy1n47NOZPxTPA==":"pro-img-1551094707-497x329.png","MZcaUDJKaw+a8dI1Oick8g==":"unnamed-512x396.png","pTw8XfVI6fQmJgcXAYhDkQ==":"png-clipart-computer-servers-huawei-blade-server-data-center-19-inch-rack-computer-compute-736x552.png","qlSNAvCOoPk3/MVpZ1kDJw==":"server-image-1-736x455.png","WizStokGAzojAjC+9rlrkA==":"unnamed%20(1)-290x301.png","seSBBN2ZgTJ5QLRW85SRSA==":"unnamed%20(3)-425x282.png","el6MQ54Qd8Cfq60Vn04fcQ==":"property-management-right-736x384.png","1X1q8/us+wqYBU+axkg+Yg==":"it-products-415x296.jpg","Gj6QxWpJGQAnE2r5SK7U4A==":"full_kitt-800-736x304.jpg","Sm+DIAG4MIQSsfYQo+zVOw==":"556582_image_1500x1300-736x638.jpg","Hmjo9Xoh9qi5GjpLo/0eHQ==":"background1-1.jpg","FJKvZ65AqEsbKkMKmON4AQ==":"mbr-2-1920x1280.jpg","SDycMxqvIpPMoE6r/ViEDw==":"broadband-1688x1125.jpg","etXjXf6HIFvKfCsG735aiw==":"managed-it-services-network-support-seattle-bellevue-e1461568918721-1-870x627.png","kaAoq6RQJm6Z1/ZqvRtQtA==":"background2-1.jpg","NlNfHMzsO9/m+N1S99DGIg==":"software-house-736x471.png","zVlD+j8tFGFNjUwQ5V49kw==":"desk-dev-549x450.png","bchL30Np4E7eBb1VTUBvMQ==":"387-3877427_vector-marketing-training-seminar-internet-learning-hd-png-736x471.png","vimGb7XKuAiayt6ImM/I9Q==":"6619357_preview-736x550.png","Zov7ApjEx20N9u/pohVIiw==":"it-support-services-berkshire-700x324.jpg","O5f9Hr6txy0Igxhya1EoSQ==":"what-is-the-must-haves-in-property-management-company-32x21.jpg","4a8BVHG9EpYdD31DPmbTvw==":"what-is-the-must-haves-in-property-management-company-700x467.jpg","EeKmdH2MRnpjnz8+oACaTQ==":"warehousemanagementsoftware-1593590592806.png","UG2VCZh8JwOhunzhw4hVOg==":"mbr-32x21.jpg","mQewE0f9kvWxQwg02gMIgQ==":"software-development-tools-700x394.jpg","/IPI5vzX8sBJfE0dceos+g==":"background2.jpeg","ZkLJmDgBuOiOnxx4wuoVJw==":"background2-1.jpeg","xbzTzPqTCSRNJ1S1LiAzow==":"what-is-the-must-haves-in-property-management-company-700x467.jpeg","JzgueVYqrME1+X5yux1DJA==":"software-development-tools-700x394.jpeg","0G8RPohHXiPftJrm97+P5Q==":"software-development-tools-1-700x394.jpeg","tl0GGgEvQLMn51VpsCInww==":"software-development-tools-2-700x394.jpeg","ptvwe3NQbKrPa0aNihrqCA==":"556582_image_1500x1300-736x638.jpeg","A2s+ZQLqIL87XSVQih2EDw==":"556582_image_1500x1300-1-736x638.jpeg","oinsEhAOTKatnw5bnXZIKA==":"556582_image_1500x1300-2-736x638.jpeg","uMam22YmCbFaUGzy1tgdkA==":"556582_image_1500x1300-3-736x638.jpeg","uCzx/cnGod8mPa7JUHHr7Q==":"mbr-3-700x467.jpg","CXeX5gnOFhNojvtO3/Dnxg==":"mbr-4-700x467.jpg","60a12pF2HCVsOFW3SeB60Q==":"unnamed%20(2).png","zylHsTy657fT9/HrU3i+lw==":"it-products.jpg","JxaVTHkoptDytVf8o3buzA==":"it-products.jpeg","xzElGXEigON/+dKuRO0HGg==":"mbr-1-1920x982.png","ssQr0+gmRL7fj1RypfT29Q==":"it-products.jpeg","qVaJW6NV3TtTXmzZWinjkA==":"it-products-1.jpeg","eLxK2pWI6zOGPPsmPILJWg==":"power-logo-240x124.png","9uRwBejqEU5+7iVB/zU6sQ==":"vodacom-logo_wine-3000x2000.png","YW3o8GqAhf/MV7eXcjmkVw==":"img-20210110-wa0001-1024x576.jpg","Mpg/XZUXM9emrYsRp0Gyeg==":"img-20210110-wa0002-960x720.jpg","A4eg2mRvn/YW0YL+w9a4MQ==":"img-20210110-wa0003-960x720.jpg","q+3ge9Y3weuADTjawvPPJQ==":"img-20210110-wa0004-1024x768.jpg","YfTe7AiNET8k5M8N2VxwvA==":"img-20210110-wa0006-1280x960.jpg","kkRT/BQT6zJZi4VY3EasUA==":"img-20210110-wa0008-1024x768.jpg","vsYKvQSbmz465U3RrULgkw==":"img-20210110-wa0011-1024x768.jpg","xvT+khwHGy44KjL6O5f4SQ==":"img-20210110-wa0017-1280x960.jpg","tgVdZ0z4YgvEu6+cFzAz/A==":"img-20210110-wa0019-1280x960.jpg","MhjaEH9TxnPInFos2bIChA==":"img-20210110-wa0010-676x827.jpg","tTfSLSjFnEkNsESmH67KQA==":"img-20210110-wa0010-676x827.jpeg","Qy1Cx2pXAEPIIz3ehaBGWg==":"img-20210110-wa0010-1-676x827.jpeg","Z6EaZgqSveNpwtaNnluMRA==":"img-20210110-wa0013-577x1122.jpeg","XZI4VvkLGA1qPJDnM8b5ng==":"img-20210110-wa0009-750x451.jpg","taEXKOKHt1p0XI+VVAkxrg==":"img-20210110-wa0005-510x907.jpeg","+hWvLcxTP9pq0KFsfx57rw==":"img-20210110-wa0001-510x287.jpeg","/sq7quCeq5eikeFSPX63cw==":"img-20210110-wa0007-510x680.jpeg","CMcSfKKO5VlbaL4qo/2x8Q==":"img-20210110-wa0016-510x680.jpeg","W8ZjabLkn7AE3xketZecEA==":"mbr-1-700x467.jpg","CWT9FQA5hPV/WWsj3QJ01w==":"mbr-5-700x467.jpg","h4GKLlr/7nLoUNrpFFORfg==":"unnamed-1-512x396.png","sT80Y4RCGNBrSInGgrjIuA==":"background3-1.jpg","i6DOR0hl7mz7pPyHitBYIA==":"mbr-1-700x467.jpeg","pWdAI6W2AvpcScqb86oxAQ==":"images-275x147.png"}